precision@2,recall@2,MRR@2,Hit@2,avg_time_retrieve,avg_time_retrieve_for_gen,ExactMatch,BLEU,ROUGE-L,avg_time_generate
0.22727272727272727,0.4090909090909091,0.3181818181818182,0.45454545454545453,0.06436110000041398,0.06250823636351428,0,0.061233870959527925,0.21773538854498797,14.01573054545522
